,person_id,first_name,last_name,email,Number of Logins
0,1,Antonio,Dean,adean0@slashdot.org,78
1,1,Antonio,Dean,adean0@gmail.com,3
2,1,Antonio,Dean,adean@yahoo.com,1
3,1,Antonio,Dean,adean@hotmail.com,5
4,2,Jacqueline,Russell,jrussell1@alexa.com,3
5,4,Nicholas,Henry,nhenry3@bbc.co.uk,5
6,5,Henry,Ross,hross4@domainmarket.com,22
7,6,Sharon,Crawford,scrawford5@berkeley.edu,1
8,7,Amy,Snyder,asnyder6@ebay.co.uk,3
9,8,Douglas,Larson,dlarson7@bandcamp.com,1
10,9,Russell,Taylor,rtaylor8@skype.com,3
